Key,English,ChineseSimplified,ChineseTraditional,Spanish,French,Russian,Portuguese,Japanese,Korean
提示,Tips,提示,,,,,,ヒント,힌트
确认花费258888金币购买,Confirm spending 258888 coins to buy,确认花费258888金币购买,,,,,,258888金貨での購入確認,258888 금화 비용으로 구매 확인
确定,Confirm,确定,,,,,,もちろん,확신하는
取消,Cancel,取消,,,,,,キャンセル,취소
前往 枪战躲猫猫(私人别墅),Go to Hide and Seek (Private Villa),前往 枪战躲猫猫(私人别墅),,,,,,シュートアウトかくれんぼ（プライベートヴィラ）へ,총격전 숨바꼭질(프라이빗 빌라) 바로가기
MetaWorld,MetaWorld,MetaWorld,,,,,,MetaWorld,MetaWorld
今日奖励（星期一）,Today's Reward (Monday),今日奖励（星期一）,,,,,,今日のご褒美（月曜日）,오늘의 보상(월요일)
直接领取,Receive Directly,直接领取,,,,,,直接受け取る,직접 받기
已在线 29/30(分钟),Online 29/30 (min),已在线 29/30(分钟),,,,,,すでにオンラインになっています 29/30(分),이미 온라인 상태입니다. 29/30(분)
在线30分钟免费领取,Online for 30 minutes to claim for free,在线30分钟免费领取,,,,,,30分以内にオンラインで無料で入手できます,30분 안에 온라인으로 무료로 받아보세요
皮肤,Skin,皮肤,,,,,,肌,피부
1/7,1/7,1/7,,,,,,1/7,1/7
免费获取,FREE,免费获取,,,,,,無料で入手,무료로 받으세요
看广告可以使用这个厉害的武器哟~,Watch ads to use this powerful weapon!,看广告可以使用这个厉害的武器哟~,,,,,,広告を見ればこの強力な武器を使うことができますよ~,광고를 보시면 이 강력한 무기를 사용하실 수 있습니다~
Play Ads,Play Ads,Play Ads,,,,,,Play Ads,Play Ads
自动关闭(5),Auto Close (5),自动关闭(5),,,,,,自動スイッチオフ (5),자동 전원 끄기(5)
999999,999999,999999,,,,,,999999,999999
9,9,9,,,,,,9,9
首充翻倍,Double First Charge,首充翻倍,,,,,,初回チャージ2倍,첫 번째 청구 금액이 두 배로 늘어납니다.
+100000,+100000,+100000,,,,,,+100000,+100000
额外+100000,Extra + 100k,额外+100000,,,,,,追加+100000,추가 +100000
88800,88800,88800,,,,,,88800,88800
商店,Shop,商店,,,,,,店,가게
免费领取钻石,Free diamonds!,免费领取钻石,,,,,,無料のダイヤモンドを入手,무료 다이아몬드 받기
99999,99999,99999,,,,,,99999,99999
GM,GM,GM,,,,,,GM,GM
Button,Button,Button,,,,,,Button,Button
激光烈火枪,Laser musket,激光烈火枪,,,,,,レーザーブラスター,레이저 블래스터
30/无限,30/Infinity,30/无限,,,,,,30/無制限,30/무제한
0S,0S,0S,,,,,,0S,0S
潜伏者,Lurker,潜伏者,,,,,,潜む者,잠복꾼
9999,9999,9999,,,,,,9999,9999
保卫者,Defender,保卫者,,,,,,ディフェンダー,방어자
潜伏着：第一名,Lurking: First place,潜伏着：第一名,,,,,,潜んでいる：No.1,루킹: 1위
生命,Life,生命,,,,,,人生,삶
1600,1600,1600,,,,,,1600,1600
九连杀！超越神啦！,Nine Kills! Beyond God!,九连杀！超越神啦！,,,,,,9連続キル！神を超えて！,9연속 킬! 신을 넘어서!
无敌时间,Invincibility Duration,无敌时间,,,,,,無敵時間,무적의 시간
复活倒计时,Respawn Countdown,复活倒计时,,,,,,復活へのカウントダウン,부활을 향한 카운트다운
3,3,3,,,,,,3,3
复活后2秒内无敌,Invincible for 2s after respawn,复活后2秒内无敌,,,,,,復活後2秒以内に無敵になる,부활 후 2초 이내에 무적 상태가 됩니다.
设置,Settings,设置,,,,,,設定,설정
开火灵敏度,Fire Sensitivity,开火灵敏度,,,,,,発砲感度,발사 감도
低,Low,低,,,,,,低,낮은
中,Medium,中,,,,,,中,가운데
高,High,高,,,,,,高,높은
控制灵敏度,Control sensitivity,控制灵敏度,,,,,,コントロール感度,제어 감도
背景音乐大小,Music Size,背景音乐大小,,,,,,BGMのサイズ,배경음악 크기
音效大小,Sound,音效大小,,,,,,効果音のサイズ,음향 효과 크기
重置位置,Reset,重置位置,,,,,,位置をリセットする,위치 재설정
变身,Transformation,变身,,,,,,変身,변환
你是谁你是谁你是,Who are you? Who are you?,你是谁你是谁你是,,,,,,あなたは誰ですか、あなたは誰ですか、あなたは誰ですか,당신은 누구입니까? 당신은 누구입니까?
 击败 , Defeat , 击败 ,,,,,, ビート , 이기다 
排名,Ranking,排名,,,,,,ランキング,순위
昵称,Nickname,昵称,,,,,,ニックネーム,닉네임
击败,Defeat,击败,,,,,,ビート,이기다
死亡,Dead,死亡,,,,,,死ぬ,주사위
全服前500名,Global Top 500,全服前500名,,,,,,サーバー全体の上位 500 位,전체 서버 상위 500위
总击败,Total Defeat,总击败,,,,,,トータルビート,총 비트
总死亡,Total Deaths,总死亡,,,,,,総死亡者数,총 사망자
战绩排行榜,Leaderboard,战绩排行榜,,,,,,レコードランキング,기록 순위
全服排行榜,Global Leaderboard,全服排行榜,,,,,,サーバー全体のランキング,서버 전체 순위
10,10,10,,,,,,10,10
帅哥你谁啊帅哥你谁啊,Who are you? Who are you?,帅哥你谁啊帅哥你谁啊,,,,,,ハンサム、あなたは誰ですか? ハンサム、あなたは誰ですか?,"잘 생긴 남자, 당신은 누구입니까? 잘 생긴 남자, 당신은 누구입니까?"
100,100,100,,,,,,100,100
M4A1-激光枪,M4A1 - Laser Gun,M4A1-激光枪,,,,,,M4A1-レーザー銃,M4A1-레이저 총
永久,Permanent,永久,,,,,,永久,영구적인
获得,Obtain,获得,,,,,,得る,얻다
伤害：30,Damage: 30,伤害：30,,,,,,ダメージ: 30,데미지: 30
9999999,9999999,9999999,,,,,,9999999,9999999
使用,Use,使用,,,,,,使用,사용
武器,Weapons,武器,,,,,,武器,무기
拖尾,Trails,拖尾,,,,,,尾行,미행
登陆游戏 (1/1),Log in (1/1),登陆游戏 (1/1),,,,,,ゲームにログイン(1/1),게임에 로그인(1/1)
500,500,500,,,,,,500,500
50000,50000,50000,,,,,,50000,50000
领取奖励,Claim,领取奖励,,,,,,報酬を請求する,보상 청구
未完成,Incomplete,未完成,,,,,,未完了,완료되지 않음
每日任务,Daily Quest,每日任务,,,,,,日々のタスク,일일 업무
剩余: 15小时,Remaining: 15h,剩余: 15小时,,,,,,残り： 15時間,남은 금액: 15시간
任务已全部完成，等待刷新...,Please wait for the tasks to be refreshed.,任务已全部完成，等待刷新...,,,,,,すべてのタスクが完了し、更新を待っています...,모든 작업이 완료되었습니다. 새로고침을 기다리는 중입니다...
每周任务,Weekly,每周任务,,,,,,毎週のタスク,주간 작업
你是谁你是你是谁你是你是谁,Who are you? Who are you? Who are you?,你是谁你是你是谁你是你是谁,,,,,,あなたは誰ですか あなたは誰ですか あなたは誰ですか,당신은 누구입니까 당신은 누구입니까 당신은 누구입니까
加入潜伏者,Join the lurkers,加入潜伏者,,,,,,潜伏者に加わる,잠복꾼에 합류하세요
加入保卫者,Join Guardian,加入保卫者,,,,,,ディフェンダーズに参加する,수비수에 합류하세요
水枪,Water Gun,水枪,,,,,,水鉄砲,물총
幽灵激光枪,Ghost Laser Gun,幽灵激光枪,,,,,,ゴースト・レーザー銃,고스트 레이저 건
尖叫鸡,Screaming Chicken,尖叫鸡,,,,,,スクリーミングチキン,비명을 지르는 닭
激光冰雷枪,Laser Thunder Gun,激光冰雷枪,,,,,,レーザーアイスマインガン,레이저 얼음 지뢰 총
彩弹枪,Paintball Gun,彩弹枪,,,,,,ペイントボール銃,페인트볼 건
鸡枪,Chicken Gun,鸡枪,,,,,,ごきぶり,바퀴벌레(무기)
烟花枪,Fireworks Gun,烟花枪,,,,,,花火銃,불꽃놀이 총
泡泡枪,Bubble Gun,泡泡枪,,,,,,バブルガン,버블건
霰弹枪,Shotgun,霰弹枪,,,,,,ショットガン,엽총
金枪鱼,Tuna,金枪鱼,,,,,,マグロ,참치
脉冲枪,Pulse Gun,脉冲枪,,,,,,パルスガン,펄스건
喷火枪,Flamethrower,喷火枪,,,,,,火炎放射器,화염방사기
散弹喷枪,Shotgun,散弹喷枪,,,,,,ショットガン,산탄총
霰弹枪枪身,Shotgun Barrel,霰弹枪枪身,,,,,,ショットガン本体,산탄총 본체
火箭发射器,Rocket Launcher,火箭发射器,,,,,,ロケットランチャー,로켓 발사기
购买,Purchase,购买,,,,,,買う,구입하다
激光幽灵枪,Laser Ghost Gun,激光幽灵枪,,,,,,レーザーゴーストガン,레이저 유령 총
兜帽男,Hood,兜帽男,,,,,,フードをかぶった男,후드맨
双马尾女,Twin Ponytails,双马尾女,,,,,,ツインテールの女の子,쌍둥이 꼬리를 가진 소녀
男战士,Male Warrior,男战士,,,,,,男性戦士,남성 전사
机甲少女,Mecha Girl,机甲少女,,,,,,メカガール,메카 소녀
男骑士,Knight,男骑士,,,,,,男性騎士,남성 기사
纳米机甲女性,Nano Mecha Female,纳米机甲女性,,,,,,ナノメカメス,나노메카 암컷
赛博少年,Cyber Boy,赛博少年,,,,,,サイバー少年,사이버 소년
赛博少女,Cyber Girl,赛博少女,,,,,,サイバーガール,사이버 소녀
一定锅少年,Must Be Pot Boy,一定锅少年,,,,,,きっと熱い少年なんだろうね,분명 핫한 소년이겠지
求神少年,Goddess Boy,求神少年,,,,,,神に祈る若者,신에게 기도하는 청년
一定锅少女,Must Be Pot Girl,一定锅少女,,,,,,鍋娘に違いない,팟걸이겠지
求神少女,Goddess Girl,求神少女,,,,,,神を求める少女,신을 찾는 소녀
宝石铠甲男,Gem Armor,宝石铠甲男,,,,,,宝石の鎧の男,보석 갑옷 남자
铠甲男战士,Armored Warrior,铠甲男战士,,,,,,鎧を着た男性戦士,무장한 남성 전사
黑人男纳米机甲,Black Male Nano Mecha,黑人男纳米机甲,,,,,,黒人男性ナノメカ,흑인 남성 나노메카
白人男纳米机甲,White Male Nano Mech Armor,白人男纳米机甲,,,,,,白人男性のナノメカ,백인 남성 나노메카
白银骑士,Silver Knight,白银骑士,,,,,,銀の騎士,실버 나이트
鹰战士,Eagle Warrior,鹰战士,,,,,,鷲の戦士,독수리 전사
战士,Warrior,战士,,,,,,戦士,전사
毒液怪人,Venom Man,毒液怪人,,,,,,ヴェノムモンスター,베놈 몬스터
蚁侠士,Ant Man,蚁侠士,,,,,,アントマン,앤트맨
最强队长,Captain Strongest,最强队长,,,,,,最強のキャプテン,가장 강한 선장
超帅侠,Super Handsome,超帅侠,,,,,,超イケメン,슈퍼 잘 생긴 남자
奇异战士,Strange Warrior,奇异战士,,,,,,奇妙な戦士,이상한 전사
闪电怪,Lightning Monster,闪电怪,,,,,,雷の怪物,번개 괴물
恶灵骷髅,Evil Soul Skeleton,恶灵骷髅,,,,,,邪悪な骸骨,사악한 해골
铁人,Ironman,铁人,,,,,,アイアンマン,아이언맨
风衣女,Trench Coat,风衣女,,,,,,女性のトレンチコート,여성 트렌치코트
汉服少女,Chinese Girl,汉服少女,,,,,,漢服の女の子,한푸 소녀
时尚少女,Stylish Girl,时尚少女,,,,,,ファッションの女の子,패션 소녀
潮流少女,Stylish Girl,潮流少女,,,,,,トレンディな女の子,트렌디한 소녀
古代书生,Ancient Scholar,古代书生,,,,,,古代の学者,고대 학자
钻石*100,Diamonds * 100,钻石*100,,,,,,ダイヤモンド*100,다이아몬드*100
钻石*600,Diamonds * 600,钻石*600,,,,,,ダイヤモンド*600,다이아몬드*600
钻石*1000,Diamonds * 1000,钻石*1000,,,,,,ダイヤモンド*1000,다이아몬드*1000
钻石*3000,Diamonds *3000,钻石*3000,,,,,,ダイヤモンド*3000,다이아몬드*3000
钻石*7000,Diamonds * 7000,钻石*7000,,,,,,ダイヤモンド*7000,다이아몬드*7000
钻石*10000,"Diamonds * 10,000",钻石*10000,,,,,,ダイヤモンド*10000,다이아몬드*10000
钻石*20000,Diamonds * 20000,钻石*20000,,,,,,ダイヤモンド*20000,다이아몬드*20000
钻石*50000,Diamonds * 50000,钻石*50000,,,,,,ダイヤモンド*50000,다이아몬드*50000
钻石*100000,"Diamonds * 100,000",钻石*100000,,,,,,ダイヤモンド*100000,다이아몬드*100000
每日登录游戏（{0}/{1}）,Daily login ({0}/{1}),每日登录游戏（{0}/{1}）,,,,,,毎日のログインゲーム ({0}/{1}）,일일 로그인 게임({0}/{1})
每日在线时长5分钟（{0}/{1}）,Daily online duration reaches 5 mins ({0}/{1}),每日在线时长5分钟（{0}/{1}）,,,,,,毎日のオンライン時間 5 分 ({0}/{1}）,일일 온라인 시간 5분({0}/{1})
每日在线时长10分钟（{0}/{1}）,Daily online duration reaches 10 minutes ({0}/{1}),每日在线时长10分钟（{0}/{1}）,,,,,,毎日 10 分間のオンライン時間 ({0}/{1}）,일일 온라인 시간 10분({0}/{1})
每日在线时长15分钟（{0}/{1}）,Online session of the day reaches 15 minutes ({0}/{1}),每日在线时长15分钟（{0}/{1}）,,,,,,毎日のオンライン時間は 15 分 ({0}/{1}）,일일 온라인 시간 15분({0}/{1})
每日在线时长20分钟（{0}/{1}）,Daily online duration reaches 20 minutes ({0}/{1}),每日在线时长20分钟（{0}/{1}）,,,,,,毎日のオンライン時間 20 分 ({0}/{1}）,일일 온라인 시간 20분({0}/{1})
每日在线时长25分钟（{0}/{1}）,Daily online duration reaches 25 minutes ({0}/{1}),每日在线时长25分钟（{0}/{1}）,,,,,,毎日のオンライン時間 25 分 ({0}/{1}）,일일 온라인 시간 25분({0}/{1})
每日在线时长30分钟（{0}/{1}）,Daily online duration reaches 30 minutes ({0}/{1}),每日在线时长30分钟（{0}/{1}）,,,,,,毎日のオンライン時間は 30 分です ({0}/{1}）,일일 온라인 시간은 30분입니다({0}/{1})
每日在线时长40分钟（{0}/{1}）,Daily online duration reaches 40 minutes ({0}/{1}),每日在线时长40分钟（{0}/{1}）,,,,,,毎日のオンライン時間 40 分 ({0}/{1}）,일일 온라인 시간 40분({0}/{1})
每日在线时长50分钟（{0}/{1}）,Daily online duration reaches 50 minutes ({0}/{1}),每日在线时长50分钟（{0}/{1}）,,,,,,毎日のオンライン時間 50 分 ({0}/{1}）,일일 온라인 시간 50분({0}/{1})
每日在线时长60分钟（{0}/{1}）,Daily online duration reaches 60 minutes ({0}/{1}),每日在线时长60分钟（{0}/{1}）,,,,,,毎日のオンライン時間は 60 分 ({0}/{1}）,일일 온라인 시간은 60분입니다({0}/{1})
每日击败1个玩家（{0}/{1}）,Defeat 1 player per day ({0}/{1}),每日击败1个玩家（{0}/{1}）,,,,,,1 日あたり 1 人のプレイヤーを倒す ({0}/{1}）,하루에 1명의 플레이어를 처치하세요({0}/{1})
每日击败5个玩家（{0}/{1}）,Defeat 5 players daily ({0}/{1}),每日击败5个玩家（{0}/{1}）,,,,,,毎日 5 人のプレイヤーを倒す ({0}/{1}）,매일 5명의 플레이어를 처치하세요({0}/{1})
每日击败10个玩家（{0}/{1}）,Defeat 10 players daily ({0}/{1}),每日击败10个玩家（{0}/{1}）,,,,,,毎日 10 人のプレイヤーを倒す ({0}/{1}）,매일 10명의 플레이어를 처치하세요({0}/{1})
每日击败20个玩家（{0}/{1}）,Defeat 20 players daily ({0}/{1}),每日击败20个玩家（{0}/{1}）,,,,,,毎日 20 人のプレイヤーを倒す ({0}/{1}）,매일 20명의 플레이어를 처치하세요({0}/{1})
每日击败30个玩家（{0}/{1}）,Defeat 30 players daily ({0}/{1}),每日击败30个玩家（{0}/{1}）,,,,,,毎日 30 人のプレイヤーを倒す ({0}/{1}）,매일 30명의 플레이어를 처치하세요({0}/{1})
每日击败50个玩家（{0}/{1}）,Defeat 50 players daily ({0}/{1}),每日击败50个玩家（{0}/{1}）,,,,,,毎日 50 人のプレイヤーを倒す ({0}/{1}）,매일 50명의 플레이어를 처치하세요({0}/{1})
每日击败100个玩家（{0}/{1}）,Defeat 100 players daily ({0}/{1}),每日击败100个玩家（{0}/{1}）,,,,,,毎日 100 人のプレイヤーを倒す ({0}/{1}）,매일 100명의 플레이어를 처치하세요({0}/{1})
每日击败200个玩家（{0}/{1}）,Defeat 200 players daily ({0}/{1}),每日击败200个玩家（{0}/{1}）,,,,,,毎日 200 人のプレイヤーを倒す ({0}/{1}）,매일 200명의 플레이어를 처치하세요({0}/{1})
每日击败300个玩家（{0}/{1}）,Defeat 300 players daily ({0}/{1}),每日击败300个玩家（{0}/{1}）,,,,,,毎日 300 人のプレイヤーを倒す ({0}/{1}）,매일 300명의 플레이어를 처치하세요({0}/{1})
每周登录1天（{0}/{1}）,Log in 1 day per week ({0}/{1}),每周登录1天（{0}/{1}）,,,,,,週に 1 日ログイン ({0}/{1}）,일주일에 1일 로그인({0}/{1})
每周登录2天（{0}/{1}）,Log in 2 days per week ({0}/{1}),每周登录2天（{0}/{1}）,,,,,,週に 2 日ログイン ({0}/{1}）,일주일에 2일 로그인({0}/{1})
每周登录3天（{0}/{1}）,Log in 3 days per week ({0}/{1}),每周登录3天（{0}/{1}）,,,,,,週に 3 日ログイン ({0}/{1}）,일주일에 3일 로그인({0}/{1})
每周登录4天（{0}/{1}）,Log in 4 days a week ({0}/{1}),每周登录4天（{0}/{1}）,,,,,,週に 4 日ログイン ({0}/{1}）,일주일에 4일 로그인({0}/{1})
每周登录5天（{0}/{1}）,Log in 5 days per week ({0}/{1}),每周登录5天（{0}/{1}）,,,,,,週に 5 日ログイン ({0}/{1}）,주 5일 로그인({0}/{1})
每周登录6天（{0}/{1}）,Log in 6 days a week ({0}/{1}),每周登录6天（{0}/{1}）,,,,,,週に 6 日ログイン ({0}/{1}）,주 6일 로그인({0}/{1})
每周登录7天（{0}/{1}）,Log in 7 days a week ({0}/{1}),每周登录7天（{0}/{1}）,,,,,,年中無休でログイン ({0}/{1}）,일주일 내내 로그인하세요({0}/{1})
烟雾拖尾,Smoke,烟雾拖尾,,,,,,煙跡,연기 흔적
粒子拖尾,Particle Trail,粒子拖尾,,,,,,粒子のテーリング,입자 테일링
光束拖尾,Beam Trail,光束拖尾,,,,,,ビームテール,빔 테일
水拖尾,Water Trailing,水拖尾,,,,,,水尾,물꼬리
火焰拖尾,Flame Trail,火焰拖尾,,,,,,炎の跡,불꽃의 흔적
雷拖尾,Thunder Trail,雷拖尾,,,,,,サンダーテール,천둥꼬리
彩虹拖尾,Rainbow,彩虹拖尾,,,,,,虹の道,무지개 길
胎印拖尾,Tire Trail,胎印拖尾,,,,,,タイヤ跡跡,타이어 프린트 트레일
螺丝钉拖尾,Screw Trail,螺丝钉拖尾,,,,,,スクリューテーリング,스크류 테일링
足球拖尾,Football Trail,足球拖尾,,,,,,サッカーの尾行,축구 미행
糖果拖尾,Candy Trail,糖果拖尾,,,,,,キャンディトレイル,캔디 트레일
奖杯拖尾,Trophy Trail,奖杯拖尾,,,,,,トロフィーの後続,트로피 후행
皇冠拖尾,Crown Trail,皇冠拖尾,,,,,,クラウントレーリング,크라운 후행
爱心拖尾,Heart Trail,爱心拖尾,,,,,,愛の尾行,사랑의 후행
骷髅拖尾,Skeleton,骷髅拖尾,,,,,,スカルトレイル,두개골 흔적
香蕉拖尾,Banana Trail,香蕉拖尾,,,,,,バナナテール,바나나 꼬리
雷电拖尾,Lightning Trail,雷电拖尾,,,,,,雷と稲妻の尾,천둥과 번개 꼬리
雪花拖尾,Snowflake,雪花拖尾,,,,,,スノーフレークトレイル,눈송이 흔적
2023拖尾,2023 Trail,2023拖尾,,,,,,2023年尾行,2023년 테일링
爆竹拖尾,Firecracker Trail,爆竹拖尾,,,,,,爆竹の後を追う,폭죽 후행
烟花拖尾,Fireworks Trail,烟花拖尾,,,,,,花火の道,불꽃놀이 코스
礼物拖尾,Gift Trail,礼物拖尾,,,,,,ギフトテール,선물 꼬리
钞票拖尾,Cash Trail,钞票拖尾,,,,,,紙幣の後続,지폐 후행
泡泡拖尾,Bubble,泡泡拖尾,,,,,,バブルテール,버블 테일
彩带拖尾,Ribbon Trail,彩带拖尾,,,,,,リボンの後端,리본 후행
便便拖尾,Poop Trail,便便拖尾,,,,,,うんこが尾を引く,똥 후행
枫叶拖尾,Maple Trail,枫叶拖尾,,,,,,カエデの葉が尾を引く,단풍잎 후행
六芒星拖尾,Hexagram Trail,六芒星拖尾,,,,,,六芒星が尾を引く,여섯개 별의 후행
蝴蝶拖尾,Butterfly,蝴蝶拖尾,,,,,,蝶の尾,나비 꼬리
冰淇淋拖尾,Ice Cream Trail,冰淇淋拖尾,,,,,,アイスクリームトレイル,아이스크림 트레일
鸟拖尾,Bird Trail,鸟拖尾,,,,,,鳥の尾,새 꼬리
蝙蝠拖尾,Bat,蝙蝠拖尾,,,,,,コウモリの尻尾,박쥐 꼬리
祥云拖尾,Cloud Trail,祥云拖尾,,,,,,縁起の良い雲がたなびく,상서로운 구름이 따라오고 있다
爪印,Claw Print,爪印,,,,,,足跡,발자국
今日在线时长不足30分钟(,Online for less than 30 minutes today (,今日在线时长不足30分钟(,,,,,,今日のオンライン時間は 30 分未満です (,오늘의 온라인 시간은 30분 미만입니다(
免费领取,Free to claim,免费领取,,,,,,無料で入手,무료로 받으세요
领取成功,Claimed successfully.,领取成功,,,,,,正常に受信しました,성공적으로 받았습니다
\n(星期,\n(week,\n(星期,,,,,,\n(週,\n(주
昨日奖励,Yesterday's Reward,昨日奖励,,,,,,昨日のご褒美,어제의 보상
明日奖励,Tomorrow's Reward,明日奖励,,,,,,明日のご褒美,내일의 보상
今日奖励,Daily Reward,今日奖励,,,,,,今日のご褒美,오늘의 보상
星期,Week,星期,,,,,,週,주
奖励,Reward,奖励,,,,,,賞,상
步枪,Rifle,步枪,,,,,,ライフル,소총
已在线 ,Online ,已在线 ,,,,,,すでにオンラインになっています ,이미 온라인 상태 
/30(分钟),/30 (min),/30(分钟),,,,,,/30(分),/30(분)
已领取,Claimed,已领取,,,,,,受け取った,받았다
今天星期,Today,今天星期,,,,,,今日の週,오늘의 주
不能领取星期,Cannot claim week,不能领取星期,,,,,,曜日指定はできません,요일을 청구할 수 없습니다.
的奖励,s Rewards,的奖励,,,,,,報酬,보상
获取失败，请重试,"Failed, please try again.",获取失败，请重试,,,,,,取得に失敗しました。もう一度お試しください,획득에 실패했습니다. 다시 시도해 주세요.
关闭(,Close (,关闭(,,,,,,閉じる,닫기 (
免费领取10000金币,"Claim 10,000 coins for free",免费领取10000金币,,,,,,金貨10000枚をプレゼント,무료 금화 10000개 받기
免费领取1个钻石,Claim 1 free diamond,免费领取1个钻石,,,,,,ダイヤモンド1個プレゼント,무료 다이아몬드 1개 받기
花费,Spend,花费,,,,,,過ごす,경비
金币,Gold Coin,金币,,,,,,金,금
钻石,Diamonds,钻石,,,,,,ダイヤモンド,다이아몬드
大礼包\n免费获得2个钻石,Free Gift Pack \n2 Diamonds,大礼包\n免费获得2个钻石,,,,,,Big Bundlen Get 2 free diamond！,빅 번들\n 무료 다이아몬드 2개를 받으세요!
幸运大礼包\n免费获得2个钻石,Lucky Pack\nFree 2 diamonds,幸运大礼包\n免费获得2个钻石,,,,,,ラッキーバンドル ☆ダイヤ2個プレゼント,럭키 번들 \n 무료 다이아몬드 2개 받기
被击败奖励\n免费获得2个钻石,Defeat reward\nFree 2 diamonds,被击败奖励\n免费获得2个钻石,,,,,,敗北したRewardsnは2つの無料ダイヤモンドを得る,패배 보상\n 무료 다이아몬드 2개 획득
${bullet} / 无限,${bullet} / Unlimited,${bullet} / 无限,,,,,,{bullet} ドル／無制限,{bullet} $ / 무제한
连续消灭2人！势不可当！,Eliminate 2 players in a row! Impossible!,连续消灭2人！势不可当！,,,,,,2人連続で殺せ！止められない！,연속으로 2명을 죽여라! 멈출 수 없다!
连续消灭3人！勇冠三军！,Eliminate 3 players in a row! Champion Warrior!,连续消灭3人！勇冠三军！,,,,,,3人連続で殺せ！三軍を勇敢に制覇せよ！,연속으로 3명을 죽여라! 세 군대를 용감하게 승리하세요!
连续消灭4人！无人能敌！,Eliminate 4 players in a row! Invincible!,连续消灭4人！无人能敌！,,,,,,4人連続で殺せ！比類のない！,연속으로 4명을 죽여라! 타의 추종을 불허합니다!
连续消灭5人！横扫千军！,Eliminate 5 players in a row! Sweep the thousands!,连续消灭5人！横扫千军！,,,,,,5人連続で殺せ！数千の軍隊を掃討せよ！,연속으로 5명을 죽여라! 수천 명의 군대를 쓸어버리세요!
连续消灭6人！接近神了！,Eliminate 6 players in a row! Close to God!,连续消灭6人！接近神了！,,,,,,6人を連続で殺せ！神に近い！,연속으로 6명을 죽여라! 하나님께 가까이!
连续消灭7人！超越神了！,Eliminate 7 people in a row! Beyond God!,连续消灭7人！超越神了！,,,,,,7試合連続の敗退！神を超えて,7회 연속 탈락! 신을 넘어서!
连续消灭,Continuous Annihilation,连续消灭,,,,,,連続消去,연속 탈락
人！超越神了！,Man! Beyond God!,人！超越神了！,,,,,,人だ！神を超えて,여러분! 신을 넘어서!
 击败了 , Defeat , 击败了 ,,,,,, 負けた , 패배하다 
你已被 ,You have been ,你已被 ,,,,,,あなたは ,당신은 
 击败, Defeat, 击败,,,,,, 敗北, 패배
击败 ,Defeat ,击败 ,,,,,,敗北 ,패배 
 完成复仇, Complete Revenge, 完成复仇,,,,,, リベンジを果たす, 복수 완료
潜伏者：第,Lurker: No.,潜伏者：第,,,,,,ラーカー：いいえ。,루커: 아니요.
保卫者：第,Defender: No.,保卫者：第,,,,,,ディフェンダー：1位,수비수: 1위
名,Name,名,,,,,,名,장소(예: 우승자 중)
点的太快啦,Operation too fast!,点的太快啦,,,,,,注文が早すぎた,너무 빨리 주문했어요
奖励翻倍\n最大生命值提高到 + ,Double reward \nmaximum HP increased to + ,奖励翻倍\n最大生命值提高到 + ,,,,,,報酬が2倍 ⅳ最大ライフが＋に増加 ,보상 2배 증가 \n 최대 생명력이 +로 증가했습니다. 
免费提高,Free Boost,免费提高,,,,,,無償改善,무료 개선
60秒内不可重置位置,Position cannot be reset for 60 seconds.,60秒内不可重置位置,,,,,,60秒以内にポジションをリセットできない,60초 이내에 위치를 재설정할 수 없습니다.
是否重置位置,Reset position?,是否重置位置,,,,,,位置情報をリセットするかどうか,위치 재설정 여부
是,Yes,是,,,,,,はい,예
否,No,否,,,,,,いいえ,아니요
不要攻击队友!,Don't attack teammates!,不要攻击队友!,,,,,,チームメイトを攻撃しないでください！,팀원을 공격하지 마세요!
\n免费使用一局,\nFree Game,\n免费使用一局,,,,,,\ゲーム1試合無料,\게임 1개 무료 사용
免费使用,Free to use,免费使用,,,,,,自由に使用できます,무료로 사용
爱玩游戏的小胖子：,Game-pro,爱玩游戏的小胖子：,,,,,,ゲームが大好きなデブ：,게임을 좋아하는 뚱뚱한 사람:
变身状态不可打开商店,You can not open the shop in the transformed state.,变身状态不可打开商店,,,,,,変身中は店を開けられない。,변신한 상태에서는 상점을 열 수 없습니다.
购买成功,Purchase successful!,购买成功,,,,,,購入が成功しました,구매 성공
金币不足,Insufficient coins,金币不足,,,,,,金貨が足りない,금화가 부족해요
钻石不足,Not enough diamonds.,钻石不足,,,,,,ダイヤモンドが足りない,다이아몬드가 부족해요
皮肤成功穿戴,Skin successfully worn,皮肤成功穿戴,,,,,,スキン・サクセス・ウェア,스킨 석세스 웨어
尾迹成功穿戴,Trail successfully worn,尾迹成功穿戴,,,,,,テールトラックの摩耗に成功,테일 트랙 착용 성공
正在预览,Previewing,正在预览,,,,,,プレビュー,미리 보기
<size=80>确认花费</size>\n,<size=80>Confirm Spend</size>\n,<size=80>确认花费</size>\n,,,,,,<size=80></size>経費の確認,<size=80></size>비용 확인 \n
</color></size><size=80>金币</size>,</color></size><size=80>Coins</size>,</color></size><size=80>金币</size>,,,,,,</color></size><size=80>小銭</size>,</color></size><size=80>코인</size>
是否立即使用,Use it now?,是否立即使用,,,,,,すぐに使用するかどうか,즉시 사용 여부
</color></size><size=80>钻石</size>,</color></size><size=80> Diamonds</size>,</color></size><size=80>钻石</size>,,,,,,</color></size><size=80>真珠</size>,</color></size><size=80>진주</size>
已获得,Obtained,已获得,,,,,,取得しました,획득
未获得,Not Obtained,未获得,,,,,,未取得,획득하지 못함
出错啦,Something went wrong.,出错啦,,,,,,何かの間違いだ。,실수가 있었습니다.
限时,Time Limit,限时,,,,,,期間限定,제한된 시간
伤害:,Damage:,伤害:,,,,,,ダメージだ。,피해.
子弹:,Bullets:,子弹:,,,,,,弾丸だ。,총알.
剩余: ,Remaining: ,剩余: ,,,,,,残り： ,남은 금액: 
小时,Hour,小时,,,,,,時間,시간
天,God,天,,,,,,空,하늘
"切换失败,你已在","Switch failed, you are","切换失败,你已在",,,,,,切り替えに失敗しました。すでに入っています,전환에 실패했습니다. 이미 로그인되어 있습니다.
红队,Red Team,红队,,,,,,レッドチーム,레드팀
蓝队,Blue Team,蓝队,,,,,,青チーム,블루팀
切换队伍成功,Switching teams successful!,切换队伍成功,,,,,,チーム切り替えが成功しました,팀 전환 성공
"切换失败,此队已满","Switch failed, this team is full","切换失败,此队已满",,,,,,切り替えに失敗しました。このチームは満員です,전환에 실패했습니다. 이 팀은 꽉 찼습니다.
"切换失败,人数不平等","Switch failed, unequal numbers","切换失败,人数不平等",,,,,,切り替えに失敗しました、人数が不均等です,전환에 실패했습니다. 인원수가 동일하지 않습니다.
已在此队,Already in this team,已在此队,,,,,,すでにこのチームに所属しています,이미 이 팀에 있음
不能频繁切换队伍，10秒后再试,"Can't switch teams too frequently, try again in 10s.",不能频繁切换队伍，10秒后再试,,,,,,チームを頻繁に切り替えることはできません。10 秒後にもう一度試してください。,자주 팀을 변경할 수 없으므로 10초 후에 다시 시도해 주세요.
前往 枪战躲猫猫-私人别墅,Go to Hide and Seek - Private Villa,前往 枪战躲猫猫-私人别墅,,,,,,Shootout Peek-a-Boo - プライベート・ヴィラ のページへ,슛아웃 피카부 - 프라이빗 빌라로 이동하기
前往,Go,前往,,,,,,に行く,이동
不存在这份存档，可能是新玩家,"This archive does not exist, it may be new player",不存在这份存档，可能是新玩家,,,,,,このアーカイブは存在しません。新しいプレーヤーである可能性があります,이 아카이브는 존재하지 않습니다. 새로운 플레이어일 수 있습니다.
模板埋点,Template Burst,模板埋点,,,,,,テンプレート埋め込みポイント,템플릿 매장 지점
一二三四五六日,One Two Three Four Five Six,一二三四五六日,,,,,,一二三四五六日,"하루, 둘, 셋, 넷, 닷새 그리고 여섯일"
网络卡顿、再试一次吧,"Cyber lag, try again.",网络卡顿、再试一次吧,,,,,,ネットワークが停止しています。もう一度お試しください。,네트워크가 멈췄습니다. 다시 시도하세요.
成功获得奖励,Reward successful,成功获得奖励,,,,,,無事に報酬をゲット,성공적으로 보상받기
广告没准备好，或后台还有广告在放,"Ad not ready, or ad playing in the background",广告没准备好，或后台还有广告在放,,,,,,広告の準備ができていないか、バックグラウンドで広告がまだ再生されています。,광고가 준비되지 않았거나 여전히 백그라운드에서 광고가 재생되고 있습니다.
张吉惟,Jackie Zhang,张吉惟,,,,,,チャン・ジーウェイ,장지웨이
林国瑞,Lin Guorui,林国瑞,,,,,,林国瑞,린 구오루이
林玫书,Mary Lin,林玫书,,,,,,林美秀,린 메이슈
林雅南,Lin Yanan,林雅南,,,,,,林延安,린 야난
江奕云,Jiang Yiyun,江奕云,,,,,,ジャン・イーユン,지앙이윤
刘柏宏,Patrick Liu,刘柏宏,,,,,,劉白紅,리우 바이홍
阮建安,Nguyen Jian An,阮建安,,,,,,阮建安,루안 지안안
林子帆,Forest Sail,林子帆,,,,,,リン・ジーファン,린지판
夏志豪,Natsume Onna,夏志豪,,,,,,夏志豪,샤 지하오
吉茹定,Jade,吉茹定,,,,,,ギルディン,기루딘
李中冰,Li Zhongbing,李中冰,,,,,,李忠兵,리 종빙
谢彦文,Xie Yanwen,谢彦文,,,,,,謝延文,시에 옌웬
傅智翔,Jixiang Fu,傅智翔,,,,,,傅志祥,푸지샹
洪振霞,Hong Zhenxia,洪振霞,,,,,,ホン・ジェンシア,홍진시아
刘姿婷,CrimsonRose,刘姿婷,,,,,,劉子廷,리우 지팅
荣姿康,Wing Pose,荣姿康,,,,,,栄子康,롱지캉
吕致盈,Lui,吕致盈,,,,,,陸志英,루 지잉
方一强,Fang Yiqiang,方一强,,,,,,ファン・イー強,팡이창
黎芸贵,Le Yugui,黎芸贵,,,,,,李雲貴,리윤귀
郑伊雯,Miss Cheng,郑伊雯,,,,,,ジェン・イーウェン,정이웬
雷进宝,Thunder Treasure,雷进宝,,,,,,雷金宝,레이 진바오
吴美隆,Wu Meilong,吴美隆,,,,,,呉美龍,우 메이롱
吴心真,Wu Xinzhen,吴心真,,,,,,呉新鎮,우신전
王美珠,Miss Wong,王美珠,,,,,,王美珠,왕메이주
郭芳天,Guo Fangtian,郭芳天,,,,,,郭方天,궈팡티엔
李雅惠,Li Yahui,李雅惠,,,,,,リー・ヤフイ,리 야후이
陈文婷,Vincent Chan,陈文婷,,,,,,チェン・ウェンティン,첸 웬팅
曹敏侑,Minyu Cao,曹敏侑,,,,,,曹民佑,조민유
王依婷,King Yiting,王依婷,,,,,,王一廷,왕 이팅
陈婉璇,Miss Chan,陈婉璇,,,,,,チェン・ワンシュアン,첸 완쉬안
吴美玉,Miss Wu,吴美玉,,,,,,ウー・メイユ,우 메이유
蔡依婷,Choi,蔡依婷,,,,,,蔡一廷,카이 이팅
郑昌梦,Zheng Changmeng,郑昌梦,,,,,,鄭長夢,정 창멍
林家纶,Hairstyle,林家纶,,,,,,林佳倫,린 지알룬
黄丽昆,Liquin Wong,黄丽昆,,,,,,黄立坤,황리쿤
李育泉,Li Yuquan,李育泉,,,,,,李育泉,리 위취안
黄芸欢,Louie Wong,黄芸欢,,,,,,黄雲環,황윤환
吴韵如,Wu Yunru,吴韵如,,,,,,ウー・ユンルー,우윤루
李肇芬,Li Zhaofen,李肇芬,,,,,,李兆芬,리 자오펀
卢木仲,Lumicommia,卢木仲,,,,,,盧武忠,루 무종
李成白,Lee Sung-bae,李成白,,,,,,李成白,리청바이
方兆玉,Fang Zhaoyu,方兆玉,,,,,,方昭宇,팡 자오유
刘翊惠,Yihui Liu,刘翊惠,,,,,,リウ・イーフイ,류이후이
丁汉臻,Ding Hanzhen,丁汉臻,,,,,,ディン・ハンジェン,딩 한젠
吴佳瑞,Gary Wu,吴佳瑞,,,,,,呉家瑞,우 지아루이
舒绿珮,Shuluan,舒绿珮,,,,,,シュー・ルペイ,슈 루페이
周白芷,Zhou Baizhao,周白芷,,,,,,周百志,저우바이지
张姿妤,Miss Zhang,张姿妤,,,,,,チャン・ツィユ,장쯔위
张虹伦,Honglun Zhang,张虹伦,,,,,,張紅倫,장홍룬
周琼玫,Chou Qiong-mei,周琼玫,,,,,,周瓊梅,저우 경메이
倪怡芳,Ni Yifang,倪怡芳,,,,,,ニー・イーファン,니 이팡
郭贵妃,Princess Guo,郭贵妃,,,,,,郭貴妃,궈귀페이
杨佩芳,Yang Peifang,杨佩芳,,,,,,ヤン・ペイファン,양페이팡
黄盛玫,Huang Shengmei,黄盛玫,,,,,,黄聖梅,황성메이
郑丽青,Zheng Liqing,郑丽青,,,,,,鄭立清,정 리칭
许智云,Xu Zhiyun,许智云,,,,,,徐志雲,쉬즈윤
张孟涵,Zhang Menghan,张孟涵,,,,,,張孟漢,장멍한
李小爱,Lee,李小爱,,,,,,リー・シャオアイ,리 샤오아이
王恩龙,Wang Enlong,王恩龙,,,,,,王恩龍,왕엔롱
朱政廷,Zhu Zhengting,朱政廷,,,,,,朱政廷,주 정팅(Zhu Zhengting)
邓诗涵,Deng Sihan,邓诗涵,,,,,,鄧師範,덩스한
陈政倩,Chan Jeong-sun,陈政倩,,,,,,チェン・ジェンチェン,첸 정첸
吴俊伯,Uncle Oh,吴俊伯,,,,,,ウー・ジュンボ,우준보
阮馨学,Nguyễn Xinxue,阮馨学,,,,,,阮新雪,루안 신슈에
翁惠珠,Hon Hye-joo,翁惠珠,,,,,,ウェン・ホイジュウ,웽 후이주
吴思翰,Sihan Wu,吴思翰,,,,,,ウー・シハン,우시한
林佩玲,Pamela Lin,林佩玲,,,,,,リン・ペイリング,린 페일링
邓海来,Deng Hailai,邓海来,,,,,,鄧海来,덩 하이라이
陈翊依,Chen Yiyi,陈翊依,,,,,,チェン・イーイー,첸 이이
李建智,Lee Jian-ji,李建智,,,,,,李建志,리 젠지
武淑芬,Takeshi,武淑芬,,,,,,呉書芬,우슈펀
金雅琪,Jackie Kim,金雅琪,,,,,,ジン・ヤキ,진 야치
赖怡宜,Lai Yiyi,赖怡宜,,,,,,ライ・イーイー,라이이이
黄育霖,Yulin Huang,黄育霖,,,,,,黄玉林,황유린
张仪湖,Zhang Yihu,张仪湖,,,,,,チャン・イーフ,장이후
王俊民,Wang Junmin,王俊民,,,,,,王俊民,왕준민
张诗刚,Zhang Shigang,张诗刚,,,,,,張世剛,장시강
林慧颖,Lin Weiying,林慧颖,,,,,,林恵英,린 휘잉
沈俊君,Sunny,沈俊君,,,,,,沈俊君,션 준준
陈淑妤,Sunny Chan,陈淑妤,,,,,,チェン・シュユ,첸 슈유
李姿伶,Li,李姿伶,,,,,,李子陵,리 지링
高咏钰,Wing Wings,高咏钰,,,,,,高龍宇,가오용유
黄彦宜,Huang Yanyi,黄彦宜,,,,,,黄彦宜,황옌이
周孟儒,Zhou Mengju,周孟儒,,,,,,周夢如,저우 멩루
潘欣臻,Pan Xinzhen,潘欣臻,,,,,,潘新鎮,판 신젠
李祯韵,Lee Chan-yun,李祯韵,,,,,,李振雲,리젠윤
叶洁启,Yip Jieqi,叶洁启,,,,,,葉潔琦,예지에치
梁哲宇,Liang Cheol-woo,梁哲宇,,,,,,梁哲宇,리앙 저유
黄晓萍,Huang Xiaoping,黄晓萍,,,,,,黄小平,황샤오핑
杨雅萍,Yang Yaping,杨雅萍,,,,,,ヤン・ヤピン,양야핑
卢志铭,Lu Zhiming,卢志铭,,,,,,陸志明,루 지밍
张茂以,Zhang Maoyu,张茂以,,,,,,チャン・マオイ,장 마오이
林婉婷,Miss Lin,林婉婷,,,,,,リン・ウォンティング,린 원팅
蔡宜芸,Young Choi,蔡宜芸,,,,,,蔡宜芸,카이 이윤
林珮瑜,Lin,林珮瑜,,,,,,リン・ペイユ,린 페이유
黄柏仪,Phellodendron,黄柏仪,,,,,,黄白一,황바이이
周逸珮,Silverstorm,周逸珮,,,,,,周一培,저우이페이
夏雅惠,Harry,夏雅惠,,,,,,シア・ヤフイ,시아 야후이
王采珮,King Crimson,王采珮,,,,,,ワン・ツァイペイ,왕 카이페이
林孟霖,Lin Menglin,林孟霖,,,,,,林夢林,린 멩린
林竹水,Bamboo Water,林竹水,,,,,,林珠水,린 주슈이
王怡乐,Happy Wang,王怡乐,,,,,,王一楽,왕 일레
王爱乐,King Melody,王爱乐,,,,,,ワン・アイル,왕 아일
金佳蓉,Golden Dragon,金佳蓉,,,,,,ジン・ジアロン,진지아롱
韩健毓,Han Jiantao,韩健毓,,,,,,ハン・ジャンユー,한젠위
李士杰,Jet Li,李士杰,,,,,,李世傑,리 시지에
陈董珍,Chan Dong-jin,陈董珍,,,,,,陳東振,첸 동전
苏姿婷,Susan,苏姿婷,,,,,,蘇子亭,쑤 지팅
张政霖,Zhang Zhenglin,张政霖,,,,,,張正林,장정린
李志宏,Lee Chi-hong,李志宏,,,,,,李志紅,리 지홍
陈素达,Sunda Chan,陈素达,,,,,,陳須田,첸 수다
陈虹荣,Chan Hong-rong,陈虹荣,,,,,,チェン・ホンロン,첸 홍롱
何美玲,Alex Ho,何美玲,,,,,,何美玲,헤 메이링
李仪琳,Yilin Lee,李仪琳,,,,,,リー・イーリン,리 이린
张俞幸,Zhang Yuxue,张俞幸,,,,,,張玉興,장 유싱
黄秋萍,Huang Qiuping,黄秋萍,,,,,,黄秋平,황 치우핑
潘吉维,Panjivi,潘吉维,,,,,,パンジビ,판지비
一,One,一,,,,,,一,하나
二,Two,二,,,,,,二,둘
三,Three,三,,,,,,三,삼
四,Four,四,,,,,,四,4개
五,Five,五,,,,,,五,다섯
六,Six,六,,,,,,六,육
七,Seven,七,,,,,,七,일곱
八,Eight,八,,,,,,八,여덟
九,Nine,九,,,,,,九,아홉
十,Ten,十,,,,,,十,열
百,Hundred,百,,,,,,百,백
千,Thousands,千,,,,,,千,천
万,Million,万,,,,,,万,만
亿,Billions,亿,,,,,,1億,1억
零,Zero,零,,,,,,零,영

